{"2": [4.776284716004739, 4.966186459001619, 4.617179546999978, 3.65067420800915, 3.67759819800267, 3.8764519859978464, 3.9346064850105904, 3.716402065998409, 5.006457137991674, 3.8845990319969133], "4": [35.950041162985144, 36.28566316398792, 36.12254289799603, 36.17499315101304, 36.10570573300356, 35.6767635900178, 35.93651636701543, 35.841847546980716, 36.661185195000144, 37.136219314008486], "8": [37.053169005987, 36.75069480299135, 37.039144598005805, 36.9655948849977, 37.092364535987144, 37.0018724569818, 37.13051970099332, 37.02798280399293, 38.9227794430044, 38.92751770000905], "16": [40.0132420489972, 40.09640820400091, 40.038895956997294, 40.07858257001499, 40.11200936799287, 40.082889515993884, 40.07314795997809, 40.06720461300574, 41.04808926797705, 40.883046250004554], "32": [76.82930709599168, 76.9948110790283, 76.99763253200217, 76.79733834101353, 76.89000310600386, 76.89376475301106, 77.02252800800488, 76.93427906100987, 78.27174361000652, 78.26235536500462], "64": [83.07046853200882, 82.99269432600704, 82.7510448449757, 82.79741106001893, 82.75810083700344, 82.64962857498904, 82.76909960299963, 82.73238734799088, 84.5456530440133, 84.61204935799469], "128": [90.51334530700115, 90.07128895900678, 90.26494517599349, 90.20617532200413, 90.19726892001927, 90.18317651297548, 90.27935246302513, 90.18431396200322, 92.77291723099188, 92.9081368370098], "256": []}